{
  "model_class": "LogisticRegression",
  "model_name": "lr_hiv_hi_maccs",
  "fp_type": "maccs",
  "n_features": 167,
  "coefficient_shape": [
    1,
    167
  ],
  "n_coefficients": 167,
  "n_nonzero_coefficients": 163,
  "sparsity": 0.0239520958083832,
  "l1_norm": 27.773571652767977,
  "l2_norm": 2.831919669639292,
  "approx_margin": 0.3531173608915864,
  "intercept": [
    -4.7513712312674725
  ],
  "C": 0.1,
  "class_weight": null,
  "penalty": "deprecated",
  "l1_ratio": 0.0,
  "dual": false
}