{
  "model_class": "SVC",
  "model_name": "svm_linear_kdr_hi_random_shuffle_maccs",
  "fp_type": "maccs",
  "n_features": 167,
  "coefficient_shape": [
    1,
    167
  ],
  "n_coefficients": 167,
  "n_nonzero_coefficients": 133,
  "sparsity": 0.20359281437125754,
  "l1_norm": 23.61858374719121,
  "l2_norm": 2.60843277859188,
  "approx_margin": 0.38337196503865195,
  "intercept": [
    -2.8096746100683267
  ],
  "C": 0.1,
  "class_weight": "balanced",
  "n_support_per_class": [
    42,
    242
  ],
  "n_support_total": 284
}