{
  "model_class": "SVC",
  "model_name": "svm_linear_kdr_hi_random_shuffle_maccs",
  "fp_type": "maccs",
  "n_features": 167,
  "coefficient_shape": [
    1,
    167
  ],
  "n_coefficients": 167,
  "n_nonzero_coefficients": 134,
  "sparsity": 0.19760479041916168,
  "l1_norm": 1.5809043348281173,
  "l2_norm": 0.20684213241800767,
  "approx_margin": 4.834604963262987,
  "intercept": [
    0.2533632286995531
  ],
  "C": 0.001,
  "class_weight": "balanced",
  "n_support_per_class": [
    446,
    54
  ],
  "n_support_total": 500
}