{
  "model_class": "SVC",
  "model_name": "svm_linear_kdr_hi_inner_ood_holdout_maccs",
  "fp_type": "maccs",
  "n_features": 167,
  "coefficient_shape": [
    1,
    167
  ],
  "n_coefficients": 167,
  "n_nonzero_coefficients": 150,
  "sparsity": 0.10179640718562877,
  "l1_norm": 35.90605342909672,
  "l2_norm": 3.9377030338190173,
  "approx_margin": 0.2539551589877363,
  "intercept": [
    -3.0033914602453913
  ],
  "C": 0.1,
  "class_weight": null,
  "n_support_per_class": [
    1678,
    1730
  ],
  "n_support_total": 3408
}