{
  "model_class": "SVC",
  "model_name": "svm_linear_kdr_hi_inner_ood_holdout_maccs",
  "fp_type": "maccs",
  "n_features": 167,
  "coefficient_shape": [
    1,
    167
  ],
  "n_coefficients": 167,
  "n_nonzero_coefficients": 147,
  "sparsity": 0.11976047904191611,
  "l1_norm": 84.69228206545318,
  "l2_norm": 10.872554843874086,
  "approx_margin": 0.09197470275934538,
  "intercept": [
    -3.455438845814306
  ],
  "C": 50.0,
  "class_weight": "balanced",
  "n_support_per_class": [
    1300,
    1658
  ],
  "n_support_total": 2958
}