{
  "model_class": "SVC",
  "model_name": "svm_linear_kdr_hi_inner_ood_holdout_maccs",
  "fp_type": "maccs",
  "n_features": 167,
  "coefficient_shape": [
    1,
    167
  ],
  "n_coefficients": 167,
  "n_nonzero_coefficients": 149,
  "sparsity": 0.10778443113772451,
  "l1_norm": 31.739493443734222,
  "l2_norm": 3.351561495294045,
  "approx_margin": 0.2983683878109079,
  "intercept": [
    -3.439835077213836
  ],
  "C": 0.05,
  "class_weight": "balanced",
  "n_support_per_class": [
    1175,
    2055
  ],
  "n_support_total": 3230
}