{
  "model_class": "SVC",
  "model_name": "svm_linear_hiv_hi_ecfp4",
  "fp_type": "ecfp4",
  "n_features": 2048,
  "coefficient_shape": [
    1,
    2048
  ],
  "n_coefficients": 2048,
  "n_nonzero_coefficients": 2041,
  "sparsity": 0.00341796875,
  "l1_norm": 200.77971336439904,
  "l2_norm": 5.639484024514434,
  "approx_margin": 0.17732118677046896,
  "intercept": [
    -2.0031361874003473
  ],
  "C": 0.1,
  "class_weight": null,
  "n_support_per_class": [
    1267,
    673
  ],
  "n_support_total": 1940
}