{
  "model_class": "SVC",
  "model_name": "svm_linear_sol_hi_random_shuffle_ecfp4",
  "fp_type": "ecfp4",
  "n_features": 1024,
  "coefficient_shape": [
    1,
    1024
  ],
  "n_coefficients": 1024,
  "n_nonzero_coefficients": 1023,
  "sparsity": 0.0009765625,
  "l1_norm": 48.36523179301412,
  "l2_norm": 2.0512258188516106,
  "approx_margin": 0.4875133643549081,
  "intercept": [
    -0.932795836896622
  ],
  "C": 0.01,
  "class_weight": "balanced",
  "n_support_per_class": [
    844,
    247
  ],
  "n_support_total": 1091
}