{
  "model_class": "SVC",
  "model_name": "svm_linear_sol_hi_random_shuffle_maccs",
  "fp_type": "maccs",
  "n_features": 167,
  "coefficient_shape": [
    1,
    167
  ],
  "n_coefficients": 167,
  "n_nonzero_coefficients": 146,
  "sparsity": 0.12574850299401197,
  "l1_norm": 28.379678038141112,
  "l2_norm": 3.2909996098152363,
  "approx_margin": 0.3038590454455089,
  "intercept": [
    -2.013902287025882
  ],
  "C": 0.1,
  "class_weight": "balanced",
  "n_support_per_class": [
    677,
    196
  ],
  "n_support_total": 873
}