{
  "model_class": "SVC",
  "model_name": "svm_linear_sol_hi_random_shuffle_maccs",
  "fp_type": "maccs",
  "n_features": 167,
  "coefficient_shape": [
    1,
    167
  ],
  "n_coefficients": 167,
  "n_nonzero_coefficients": 147,
  "sparsity": 0.11976047904191611,
  "l1_norm": 7.9669636983775405,
  "l2_norm": 0.9580799163820589,
  "approx_margin": 1.0437542661119976,
  "intercept": [
    -0.3163167456655711
  ],
  "C": 0.005,
  "class_weight": "balanced",
  "n_support_per_class": [
    874,
    243
  ],
  "n_support_total": 1117
}