{
  "model_class": "SVC",
  "model_name": "svm_linear_sol_hi_random_shuffle_maccs",
  "fp_type": "maccs",
  "n_features": 167,
  "coefficient_shape": [
    1,
    167
  ],
  "n_coefficients": 167,
  "n_nonzero_coefficients": 143,
  "sparsity": 0.14371257485029942,
  "l1_norm": 34.8976950365866,
  "l2_norm": 3.681579803917757,
  "approx_margin": 0.27162252436735146,
  "intercept": [
    -2.2566674615612414
  ],
  "C": 0.25,
  "class_weight": null,
  "n_support_per_class": [
    333,
    295
  ],
  "n_support_total": 628
}