{
  "model_class": "SVC",
  "model_name": "svm_linear_sol_hi_random_shuffle_maccs",
  "fp_type": "maccs",
  "n_features": 167,
  "coefficient_shape": [
    1,
    167
  ],
  "n_coefficients": 167,
  "n_nonzero_coefficients": 147,
  "sparsity": 0.11976047904191611,
  "l1_norm": 11.162595551070783,
  "l2_norm": 1.3280408914911905,
  "approx_margin": 0.7529888623212122,
  "intercept": [
    -0.8194151694501717
  ],
  "C": 0.01,
  "class_weight": "balanced",
  "n_support_per_class": [
    818,
    228
  ],
  "n_support_total": 1046
}