{
  "model_class": "SVC",
  "model_name": "svm_linear_kdr_hi_random_shuffle_ecfp4",
  "fp_type": "ecfp4",
  "n_features": 1024,
  "coefficient_shape": [
    1,
    1024
  ],
  "n_coefficients": 1024,
  "n_nonzero_coefficients": 725,
  "sparsity": 0.2919921875,
  "l1_norm": 15.58977318237071,
  "l2_norm": 0.7819262350677675,
  "approx_margin": 1.2788930146503303,
  "intercept": [
    0.1241896351449043
  ],
  "C": 0.01,
  "class_weight": null,
  "n_support_per_class": [
    84,
    100
  ],
  "n_support_total": 184
}