{
  "model_class": "SVC",
  "model_name": "svm_linear_kdr_hi_random_shuffle_ecfp4",
  "fp_type": "ecfp4",
  "n_features": 1024,
  "coefficient_shape": [
    1,
    1024
  ],
  "n_coefficients": 1024,
  "n_nonzero_coefficients": 842,
  "sparsity": 0.177734375,
  "l1_norm": 5.877186256233564,
  "l2_norm": 0.3631549963190337,
  "approx_margin": 2.753645165662252,
  "intercept": [
    -0.4014343494399063
  ],
  "C": 0.001,
  "class_weight": "balanced",
  "n_support_per_class": [
    61,
    411
  ],
  "n_support_total": 472
}