{
  "model_class": "SVC",
  "model_name": "svm_linear_drd2_hi_inner_ood_holdout_ecfp4",
  "fp_type": "ecfp4",
  "n_features": 1024,
  "coefficient_shape": [
    1,
    1024
  ],
  "n_coefficients": 1024,
  "n_nonzero_coefficients": 990,
  "sparsity": 0.033203125,
  "l1_norm": 1588.2364520803758,
  "l2_norm": 63.729514355667824,
  "approx_margin": 0.01569131681153419,
  "intercept": [
    -13.125102413007202
  ],
  "C": 100.0,
  "class_weight": null,
  "n_support_per_class": [
    299,
    399
  ],
  "n_support_total": 698
}