model,model_short,fingerprint,ood_inner_mean,random_inner_mean,delta_inner,ood_test_mean,random_test_mean,delta_test,ood_inner_test_gap,random_inner_test_gap,delta_inner_test_gap,ood_train_test_gap,random_train_test_gap,delta_train_test_gap,model_order,fingerprint_order
Decision Tree,DT,ECFP4,0.8502903680806804,0.7895031129744788,-0.06078725510620153,0.9423,0.6488666666666667,-0.2934333333333333,-0.09200963191931966,0.14063644630781214,0.2326460782271318,-0.10123333333333336,0.20193333333333338,0.30316666666666675,0,0
Decision Tree,DT,MACCS,0.8503250306969142,0.7836904078938738,-0.06663462280304044,0.9456333333333333,0.6062,-0.33943333333333336,-0.09530830263641905,0.1774904078938738,0.27279871053029286,-0.09443333333333333,0.20946666666666666,0.3039,0,1
Logistic Regression,LR,ECFP4,0.8676427568614616,0.7793135452656506,-0.08832921159581109,0.9563,0.6664,-0.28990000000000005,-0.08865724313853829,0.11291354526565056,0.20157078840418885,-0.08649999999999998,0.30129999999999996,0.3877999999999999,1,0
Logistic Regression,LR,MACCS,0.7872918971419732,0.7681417947233244,-0.019150102418648784,0.8431000000000001,0.6104666666666666,-0.23263333333333347,-0.05580810285802673,0.15767512805665784,0.21348323091468457,-0.1469,0.20476666666666665,0.3516666666666667,1,1
Logistic Regression,LR,RDKit desc,0.8073194665704545,0.7999503474935672,-0.007369119076887309,0.8775666666666666,0.6578333333333334,-0.21973333333333323,-0.07024720009621221,0.14211701416023384,0.21236421425644605,-0.1439666666666667,0.28909999999999997,0.43306666666666666,1,2
Linear SVM,SVM,ECFP4,0.8681657373558181,0.7863652464046146,-0.08180049095120356,0.9440333333333334,0.6943333333333334,-0.24970000000000003,-0.0758675959775152,0.09203191307128127,0.16789950904879647,-0.09273333333333329,0.23953333333333335,0.33226666666666665,2,0
Linear SVM,SVM,MACCS,0.7848945056237332,0.7659027275017524,-0.01899177812198083,0.8339,0.5840333333333333,-0.24986666666666668,-0.04900549437626667,0.18186939416841907,0.23087488854468574,-0.11896666666666667,0.23096666666666668,0.3499333333333333,2,1
