{
  "model_class": "SVC",
  "model_name": "svm_linear_hiv_hi_random_shuffle_maccs",
  "fp_type": "maccs",
  "n_features": 167,
  "coefficient_shape": [
    1,
    167
  ],
  "n_coefficients": 167,
  "n_nonzero_coefficients": 163,
  "sparsity": 0.0239520958083832,
  "l1_norm": 0.03172525628284662,
  "l2_norm": 0.004968918453847205,
  "approx_margin": 201.2510386894649,
  "intercept": [
    -1.0001206704181431
  ],
  "C": 0.005,
  "class_weight": null,
  "n_support_per_class": [
    1189,
    775
  ],
  "n_support_total": 1964
}