{
  "model_class": "SVC",
  "model_name": "svm_linear_hiv_hi_random_shuffle_maccs",
  "fp_type": "maccs",
  "n_features": 167,
  "coefficient_shape": [
    1,
    167
  ],
  "n_coefficients": 167,
  "n_nonzero_coefficients": 162,
  "sparsity": 0.029940119760479056,
  "l1_norm": 0.020359645691092446,
  "l2_norm": 0.0025527620926071794,
  "approx_margin": 391.73254840159547,
  "intercept": [
    -1.0000663236823406
  ],
  "C": 0.005,
  "class_weight": null,
  "n_support_per_class": [
    1019,
    599
  ],
  "n_support_total": 1618
}