{
  "model_class": "SVC",
  "model_name": "svm_linear_hiv_hi_random_shuffle_maccs",
  "fp_type": "maccs",
  "n_features": 167,
  "coefficient_shape": [
    1,
    167
  ],
  "n_coefficients": 167,
  "n_nonzero_coefficients": 163,
  "sparsity": 0.0239520958083832,
  "l1_norm": 0.03491601333180139,
  "l2_norm": 0.006696821139529407,
  "approx_margin": 149.32457940339603,
  "intercept": [
    -1.0002246049312993
  ],
  "C": 5.0,
  "class_weight": null,
  "n_support_per_class": [
    3710,
    504
  ],
  "n_support_total": 4214
}