{
  "model_class": "SVC",
  "model_name": "svm_linear_hiv_hi_random_shuffle_maccs",
  "fp_type": "maccs",
  "n_features": 167,
  "coefficient_shape": [
    1,
    167
  ],
  "n_coefficients": 167,
  "n_nonzero_coefficients": 164,
  "sparsity": 0.017964071856287456,
  "l1_norm": 0.02986433879316361,
  "l2_norm": 0.004461450791051884,
  "approx_margin": 224.14233549446553,
  "intercept": [
    -1.000282070282454
  ],
  "C": 0.01,
  "class_weight": null,
  "n_support_per_class": [
    1112,
    599
  ],
  "n_support_total": 1711
}