{
  "model_class": "SVC",
  "model_name": "svm_linear_hiv_hi_random_shuffle_maccs",
  "fp_type": "maccs",
  "n_features": 167,
  "coefficient_shape": [
    1,
    167
  ],
  "n_coefficients": 167,
  "n_nonzero_coefficients": 163,
  "sparsity": 0.0239520958083832,
  "l1_norm": 0.03451956990152483,
  "l2_norm": 0.0066109818441289605,
  "approx_margin": 151.2634618544708,
  "intercept": [
    -1.0003457202031307
  ],
  "C": 0.5,
  "class_weight": null,
  "n_support_per_class": [
    2186,
    775
  ],
  "n_support_total": 2961
}