{
  "model_class": "SVC",
  "model_name": "svm_linear_hiv_hi_inner_ood_holdout_maccs",
  "fp_type": "maccs",
  "n_features": 167,
  "coefficient_shape": [
    1,
    167
  ],
  "n_coefficients": 167,
  "n_nonzero_coefficients": 163,
  "sparsity": 0.0239520958083832,
  "l1_norm": 26.542071468578833,
  "l2_norm": 2.681032801914208,
  "approx_margin": 0.37299058754000264,
  "intercept": [
    -1.6841493887869579
  ],
  "C": 0.01,
  "class_weight": "balanced",
  "n_support_per_class": [
    8386,
    458
  ],
  "n_support_total": 8844
}