{
  "model_class": "SVC",
  "model_name": "svm_linear_hiv_hi_inner_ood_holdout_maccs",
  "fp_type": "maccs",
  "n_features": 167,
  "coefficient_shape": [
    1,
    167
  ],
  "n_coefficients": 167,
  "n_nonzero_coefficients": 163,
  "sparsity": 0.0239520958083832,
  "l1_norm": 0.04240261094971824,
  "l2_norm": 0.007763978383248864,
  "approx_margin": 128.79994644981824,
  "intercept": [
    -1.0003731662260589
  ],
  "C": 0.1,
  "class_weight": null,
  "n_support_per_class": [
    1331,
    504
  ],
  "n_support_total": 1835
}