{
  "model_class": "SVC",
  "model_name": "svm_linear_hiv_hi_inner_ood_holdout_maccs",
  "fp_type": "maccs",
  "n_features": 167,
  "coefficient_shape": [
    1,
    167
  ],
  "n_coefficients": 167,
  "n_nonzero_coefficients": 164,
  "sparsity": 0.017964071856287456,
  "l1_norm": 0.02266613164054618,
  "l2_norm": 0.003064588122100307,
  "approx_margin": 326.30812368829936,
  "intercept": [
    -1.0001261389959417
  ],
  "C": 0.005,
  "class_weight": null,
  "n_support_per_class": [
    1005,
    599
  ],
  "n_support_total": 1604
}