{
  "model_class": "SVC",
  "model_name": "svm_linear_hiv_hi_maccs",
  "fp_type": "maccs",
  "n_features": 167,
  "coefficient_shape": [
    1,
    167
  ],
  "n_coefficients": 167,
  "n_nonzero_coefficients": 162,
  "sparsity": 0.029940119760479056,
  "l1_norm": 0.025026815257445094,
  "l2_norm": 0.003237483668338489,
  "approx_margin": 308.8818670437373,
  "intercept": [
    -1.0002791654493217
  ],
  "C": 0.001,
  "class_weight": null,
  "n_support_per_class": [
    1039,
    775
  ],
  "n_support_total": 1814
}