{
  "model_class": "SVC",
  "model_name": "svm_linear_drd2_hi_random_shuffle_maccs",
  "fp_type": "maccs",
  "n_features": 167,
  "coefficient_shape": [
    1,
    167
  ],
  "n_coefficients": 167,
  "n_nonzero_coefficients": 148,
  "sparsity": 0.11377245508982037,
  "l1_norm": 111.93131301181232,
  "l2_norm": 14.341337933371214,
  "approx_margin": 0.06972850124904144,
  "intercept": [
    -8.315348874684407
  ],
  "C": 10.0,
  "class_weight": "balanced",
  "n_support_per_class": [
    534,
    911
  ],
  "n_support_total": 1445
}