{
  "model_class": "SVC",
  "model_name": "svm_linear_drd2_hi_random_shuffle_maccs",
  "fp_type": "maccs",
  "n_features": 167,
  "coefficient_shape": [
    1,
    167
  ],
  "n_coefficients": 167,
  "n_nonzero_coefficients": 146,
  "sparsity": 0.12574850299401197,
  "l1_norm": 109.01440292747614,
  "l2_norm": 12.888840605252897,
  "approx_margin": 0.07758649754675732,
  "intercept": [
    -9.123931009458042
  ],
  "C": 50.0,
  "class_weight": "balanced",
  "n_support_per_class": [
    397,
    906
  ],
  "n_support_total": 1303
}