{
  "model_class": "SVC",
  "model_name": "svm_linear_drd2_hi_random_shuffle_ecfp4",
  "fp_type": "ecfp4",
  "n_features": 1024,
  "coefficient_shape": [
    1,
    1024
  ],
  "n_coefficients": 1024,
  "n_nonzero_coefficients": 1007,
  "sparsity": 0.0166015625,
  "l1_norm": 235.65115671805367,
  "l2_norm": 9.391121585576757,
  "approx_margin": 0.1064835537360988,
  "intercept": [
    -1.0694942803179448
  ],
  "C": 0.25,
  "class_weight": "balanced",
  "n_support_per_class": [
    475,
    739
  ],
  "n_support_total": 1214
}