{
  "model_class": "SVC",
  "model_name": "svm_linear_drd2_hi_random_shuffle_ecfp4",
  "fp_type": "ecfp4",
  "n_features": 1024,
  "coefficient_shape": [
    1,
    1024
  ],
  "n_coefficients": 1024,
  "n_nonzero_coefficients": 1005,
  "sparsity": 0.0185546875,
  "l1_norm": 153.5582899911687,
  "l2_norm": 6.14097821033824,
  "approx_margin": 0.16284050614550558,
  "intercept": [
    -1.8994311599443892
  ],
  "C": 0.1,
  "class_weight": "balanced",
  "n_support_per_class": [
    382,
    774
  ],
  "n_support_total": 1156
}