{
  "model_class": "SVC",
  "model_name": "svm_linear_drd2_hi_random_shuffle_ecfp4",
  "fp_type": "ecfp4",
  "n_features": 1024,
  "coefficient_shape": [
    1,
    1024
  ],
  "n_coefficients": 1024,
  "n_nonzero_coefficients": 999,
  "sparsity": 0.0244140625,
  "l1_norm": 235.989891417806,
  "l2_norm": 9.33052741394308,
  "approx_margin": 0.10717507763876769,
  "intercept": [
    -1.9340777557758466
  ],
  "C": 0.25,
  "class_weight": "balanced",
  "n_support_per_class": [
    365,
    670
  ],
  "n_support_total": 1035
}