{
  "model_class": "SVC",
  "model_name": "svm_linear_drd2_hi_random_shuffle_ecfp4",
  "fp_type": "ecfp4",
  "n_features": 1024,
  "coefficient_shape": [
    1,
    1024
  ],
  "n_coefficients": 1024,
  "n_nonzero_coefficients": 1011,
  "sparsity": 0.0126953125,
  "l1_norm": 159.3048988030439,
  "l2_norm": 6.3467926852540515,
  "approx_margin": 0.1575598967212794,
  "intercept": [
    -1.0367195318241047
  ],
  "C": 0.1,
  "class_weight": "balanced",
  "n_support_per_class": [
    517,
    827
  ],
  "n_support_total": 1344
}