{
  "model_class": "SVC",
  "model_name": "svm_linear_drd2_hi_random_shuffle_ecfp4",
  "fp_type": "ecfp4",
  "n_features": 1024,
  "coefficient_shape": [
    1,
    1024
  ],
  "n_coefficients": 1024,
  "n_nonzero_coefficients": 1004,
  "sparsity": 0.01953125,
  "l1_norm": 155.30495056024733,
  "l2_norm": 6.207060650771935,
  "approx_margin": 0.16110685173917802,
  "intercept": [
    -1.9294947230938388
  ],
  "C": 0.1,
  "class_weight": "balanced",
  "n_support_per_class": [
    430,
    833
  ],
  "n_support_total": 1263
}