{
  "model_class": "SVC",
  "model_name": "svm_linear_kdr_hi_random_shuffle_maccs",
  "fp_type": "maccs",
  "n_features": 167,
  "coefficient_shape": [
    1,
    167
  ],
  "n_coefficients": 167,
  "n_nonzero_coefficients": 137,
  "sparsity": 0.17964071856287422,
  "l1_norm": 5.938462870105944,
  "l2_norm": 0.7257834250640303,
  "approx_margin": 1.3778214898084475,
  "intercept": [
    -1.552591791314187
  ],
  "C": 0.005,
  "class_weight": "balanced",
  "n_support_per_class": [
    54,
    370
  ],
  "n_support_total": 424
}