{
  "model_class": "SVC",
  "model_name": "svm_linear_kdr_hi_random_shuffle_maccs",
  "fp_type": "maccs",
  "n_features": 167,
  "coefficient_shape": [
    1,
    167
  ],
  "n_coefficients": 167,
  "n_nonzero_coefficients": 130,
  "sparsity": 0.22155688622754488,
  "l1_norm": 75.23969942076477,
  "l2_norm": 10.356734436991466,
  "approx_margin": 0.09655553167688352,
  "intercept": [
    -0.6019039147840366
  ],
  "C": 2.0,
  "class_weight": "balanced",
  "n_support_per_class": [
    196,
    39
  ],
  "n_support_total": 235
}