{
  "model_class": "SVC",
  "model_name": "svm_linear_hiv_hi_inner_ood_holdout_maccs",
  "fp_type": "maccs",
  "n_features": 167,
  "coefficient_shape": [
    1,
    167
  ],
  "n_coefficients": 167,
  "n_nonzero_coefficients": 163,
  "sparsity": 0.0239520958083832,
  "l1_norm": 26.543517904599945,
  "l2_norm": 2.681084966282606,
  "approx_margin": 0.3729833304710689,
  "intercept": [
    -1.684044766997041
  ],
  "C": 0.01,
  "class_weight": "balanced",
  "n_support_per_class": [
    8390,
    459
  ],
  "n_support_total": 8849
}