{
  "model_class": "SVC",
  "model_name": "svm_linear_hiv_hi_inner_ood_holdout_maccs",
  "fp_type": "maccs",
  "n_features": 167,
  "coefficient_shape": [
    1,
    167
  ],
  "n_coefficients": 167,
  "n_nonzero_coefficients": 164,
  "sparsity": 0.017964071856287456,
  "l1_norm": 48.297938520157906,
  "l2_norm": 5.167921735271822,
  "approx_margin": 0.19350138241739492,
  "intercept": [
    -1.7817210701653232
  ],
  "C": 0.1,
  "class_weight": "balanced",
  "n_support_per_class": [
    8432,
    365
  ],
  "n_support_total": 8797
}