{
  "model_class": "SVC",
  "model_name": "svm_linear_sol_hi_inner_ood_holdout_ecfp4",
  "fp_type": "ecfp4",
  "n_features": 1024,
  "coefficient_shape": [
    1,
    1024
  ],
  "n_coefficients": 1024,
  "n_nonzero_coefficients": 1023,
  "sparsity": 0.0009765625,
  "l1_norm": 46.24434209821288,
  "l2_norm": 2.0250456167150865,
  "approx_margin": 0.4938160364121293,
  "intercept": [
    -1.3211022917525788
  ],
  "C": 0.01,
  "class_weight": "balanced",
  "n_support_per_class": [
    825,
    257
  ],
  "n_support_total": 1082
}