mean_fit_time,std_fit_time,mean_score_time,std_score_time,param_C,param_class_weight,params,split0_test_score,split1_test_score,mean_test_score,std_test_score,rank_test_score,split0_train_score,split1_train_score,mean_train_score,std_train_score
7.504773259162903,0.14619147777557373,7.424247980117798,0.07355999946594238,0.1,,"{'C': 0.1, 'class_weight': None}",0.4225674716140377,0.401044596187345,0.41180603390069137,0.010761437713346339,3,0.8918815295098628,0.9113761592740373,0.90162884439195,0.009747314882087244
9.939444780349731,0.39602184295654297,8.074949860572815,0.5148035287857056,0.1,balanced,"{'C': 0.1, 'class_weight': 'balanced'}",0.3754237772447507,0.37791745524439785,0.37667061624457426,0.0012468389998235851,4,0.7206644360548619,0.6841339019623721,0.702399169008617,0.01826526704624487
8.393007397651672,0.12418544292449951,7.781290888786316,0.448891282081604,1.0,,"{'C': 1.0, 'class_weight': None}",0.43123306932556926,0.4324505468560216,0.4318418080907954,0.0006087387652261578,2,0.9365253798810211,0.9548671536640252,0.9456962667725232,0.009170886891502028
7.814432859420776,0.3008298873901367,7.399546146392822,0.04708051681518555,1.0,balanced,"{'C': 1.0, 'class_weight': 'balanced'}",0.42742654872656094,0.46400420217898447,0.44571537545277273,0.018288826726211765,1,0.9907565657217294,0.9535950678464596,0.9721758167840946,0.018580748937634894
