mean_fit_time,std_fit_time,mean_score_time,std_score_time,param_C,param_class_weight,params,split0_test_score,split1_test_score,mean_test_score,std_test_score,rank_test_score,split0_train_score,split1_train_score,mean_train_score,std_train_score
7.85274350643158,0.27308475971221924,8.350295782089233,0.11626958847045898,0.1,,"{'C': 0.1, 'class_weight': None}",0.48803841524851094,0.4746285735397222,0.48133349439411655,0.006704920854394364,4,0.8589196993039586,0.8469490808660974,0.852934390085028,0.00598530921893059
9.358534216880798,0.697856068611145,7.618541598320007,0.1862860918045044,0.1,balanced,"{'C': 0.1, 'class_weight': 'balanced'}",0.4730408819189151,0.4941792824026657,0.4836100821607904,0.010569200241875298,3,0.6935561056872321,0.7177250764732148,0.7056405910802235,0.01208448539299134
8.46682596206665,0.25749802589416504,8.459998369216919,0.0558929443359375,1.0,,"{'C': 1.0, 'class_weight': None}",0.5140500914432632,0.50926688803007,0.5116584897366666,0.00239160170659658,2,0.9265374508267531,0.920690707512823,0.923614079169788,0.002923371656965046
8.092864513397217,0.09923386573791504,7.6376636028289795,0.05617523193359375,1.0,balanced,"{'C': 1.0, 'class_weight': 'balanced'}",0.5340853461159606,0.5432932466032575,0.538689296359609,0.004603950243648458,1,0.9882233773634983,0.9596421023576801,0.9739327398605893,0.014290637502909098
