mean_fit_time,std_fit_time,mean_score_time,std_score_time,param_C,param_class_weight,params,split0_test_score,split1_test_score,mean_test_score,std_test_score,rank_test_score,split0_train_score,split1_train_score,mean_train_score,std_train_score
8.170545101165771,0.6768028736114502,7.437298655509949,0.2072383165359497,0.1,,"{'C': 0.1, 'class_weight': None}",0.33343060676775244,0.3673567641401009,0.3503936854539267,0.01696307868617422,4,0.8465852862693906,0.8574750845502969,0.8520301854098438,0.005444899140453152
9.22898006439209,0.31109166145324707,7.944859266281128,0.4874684810638428,0.1,balanced,"{'C': 0.1, 'class_weight': 'balanced'}",0.32905554620804744,0.3804298421307745,0.35474269416941095,0.025687147961363538,3,0.703439884915918,0.6942714934014035,0.6988556891586608,0.00458419575725727
8.21973991394043,0.14801788330078125,8.00057864189148,0.31986021995544434,1.0,,"{'C': 1.0, 'class_weight': None}",0.3428969943080026,0.38257595162514146,0.362736472966572,0.019839478658569443,2,0.9202790447208571,0.9098156101602999,0.9150473274405785,0.005231717280278603
8.517707347869873,0.13819551467895508,8.293179869651794,0.32705414295196533,1.0,balanced,"{'C': 1.0, 'class_weight': 'balanced'}",0.36895091017392295,0.38776199632588537,0.3783564532499042,0.00940554307598121,1,0.9567058511209221,0.9553838507750116,0.9560448509479669,0.0006610001729552284
