{
  "model_class": "SVC",
  "model_name": "svm_linear_hiv_hi_random_shuffle_maccs",
  "fp_type": "maccs",
  "n_features": 167,
  "coefficient_shape": [
    1,
    167
  ],
  "n_coefficients": 167,
  "n_nonzero_coefficients": 164,
  "sparsity": 0.017964071856287456,
  "l1_norm": 58.61856769473907,
  "l2_norm": 6.481485350632466,
  "approx_margin": 0.15428562218418337,
  "intercept": [
    -1.845350860507073
  ],
  "C": 0.5,
  "class_weight": "balanced",
  "n_support_per_class": [
    8218,
    364
  ],
  "n_support_total": 8582
}