{
  "model_class": "SVC",
  "model_name": "svm_linear_hiv_hi_random_shuffle_maccs",
  "fp_type": "maccs",
  "n_features": 167,
  "coefficient_shape": [
    1,
    167
  ],
  "n_coefficients": 167,
  "n_nonzero_coefficients": 163,
  "sparsity": 0.0239520958083832,
  "l1_norm": 0.0363050225597898,
  "l2_norm": 0.006921419043351716,
  "approx_margin": 144.47904305989647,
  "intercept": [
    -1.0002365656669332
  ],
  "C": 0.1,
  "class_weight": null,
  "n_support_per_class": [
    1599,
    775
  ],
  "n_support_total": 2374
}