{
  "model_class": "SVC",
  "model_name": "svm_linear_hiv_hi_random_shuffle_maccs",
  "fp_type": "maccs",
  "n_features": 167,
  "coefficient_shape": [
    1,
    167
  ],
  "n_coefficients": 167,
  "n_nonzero_coefficients": 163,
  "sparsity": 0.0239520958083832,
  "l1_norm": 0.035562567435051214,
  "l2_norm": 0.006742698950252276,
  "approx_margin": 148.3085641785305,
  "intercept": [
    -1.0003037517110605
  ],
  "C": 5.0,
  "class_weight": null,
  "n_support_per_class": [
    3727,
    504
  ],
  "n_support_total": 4231
}