{
  "model_class": "SVC",
  "model_name": "svm_linear_kdr_hi_random_shuffle_ecfp4",
  "fp_type": "ecfp4",
  "n_features": 1024,
  "coefficient_shape": [
    1,
    1024
  ],
  "n_coefficients": 1024,
  "n_nonzero_coefficients": 787,
  "sparsity": 0.2314453125,
  "l1_norm": 23.175312415891117,
  "l2_norm": 1.2395231185390796,
  "approx_margin": 0.8067618788575843,
  "intercept": [
    0.15196342727096862
  ],
  "C": 0.01,
  "class_weight": "balanced",
  "n_support_per_class": [
    327,
    44
  ],
  "n_support_total": 371
}