{
  "model_class": "SVC",
  "model_name": "svm_linear_kdr_hi_random_shuffle_ecfp4",
  "fp_type": "ecfp4",
  "n_features": 1024,
  "coefficient_shape": [
    1,
    1024
  ],
  "n_coefficients": 1024,
  "n_nonzero_coefficients": 817,
  "sparsity": 0.2021484375,
  "l1_norm": 15.23410119269699,
  "l2_norm": 0.7712032991133011,
  "approx_margin": 1.2966749508848838,
  "intercept": [
    -0.452241297952034
  ],
  "C": 0.005,
  "class_weight": "balanced",
  "n_support_per_class": [
    68,
    218
  ],
  "n_support_total": 286
}