{
  "model_class": "SVC",
  "model_name": "svm_linear_drd2_hi_random_shuffle_maccs",
  "fp_type": "maccs",
  "n_features": 167,
  "coefficient_shape": [
    1,
    167
  ],
  "n_coefficients": 167,
  "n_nonzero_coefficients": 144,
  "sparsity": 0.13772455089820357,
  "l1_norm": 117.79970866105228,
  "l2_norm": 14.35330040057966,
  "approx_margin": 0.06967038744340744,
  "intercept": [
    -7.735418312521624
  ],
  "C": 10.0,
  "class_weight": "balanced",
  "n_support_per_class": [
    460,
    967
  ],
  "n_support_total": 1427
}