{
  "model_class": "SVC",
  "model_name": "svm_linear_drd2_hi_random_shuffle_maccs",
  "fp_type": "maccs",
  "n_features": 167,
  "coefficient_shape": [
    1,
    167
  ],
  "n_coefficients": 167,
  "n_nonzero_coefficients": 148,
  "sparsity": 0.11377245508982037,
  "l1_norm": 133.79867758201175,
  "l2_norm": 17.76390174235895,
  "approx_margin": 0.05629393893884517,
  "intercept": [
    -9.798797089146712
  ],
  "C": 100.0,
  "class_weight": "balanced",
  "n_support_per_class": [
    535,
    897
  ],
  "n_support_total": 1432
}