{
  "model_class": "SVC",
  "model_name": "svm_linear_drd2_hi_inner_ood_holdout_ecfp4",
  "fp_type": "ecfp4",
  "n_features": 1024,
  "coefficient_shape": [
    1,
    1024
  ],
  "n_coefficients": 1024,
  "n_nonzero_coefficients": 990,
  "sparsity": 0.033203125,
  "l1_norm": 1588.25702876665,
  "l2_norm": 63.73081812039772,
  "approx_margin": 0.015690995808508842,
  "intercept": [
    -13.126025132492089
  ],
  "C": 100.0,
  "class_weight": null,
  "n_support_per_class": [
    299,
    400
  ],
  "n_support_total": 699
}