{
  "model_class": "SVC",
  "model_name": "svm_linear_drd2_hi_inner_ood_holdout_ecfp4",
  "fp_type": "ecfp4",
  "n_features": 1024,
  "coefficient_shape": [
    1,
    1024
  ],
  "n_coefficients": 1024,
  "n_nonzero_coefficients": 992,
  "sparsity": 0.03125,
  "l1_norm": 14.447417783981104,
  "l2_norm": 0.6611568432444419,
  "approx_margin": 1.5125004153216963,
  "intercept": [
    0.29413650590154683
  ],
  "C": 0.002,
  "class_weight": null,
  "n_support_per_class": [
    739,
    791
  ],
  "n_support_total": 1530
}