{
  "model_class": "SVC",
  "model_name": "svm_linear_drd2_hi_inner_ood_holdout_ecfp4",
  "fp_type": "ecfp4",
  "n_features": 1024,
  "coefficient_shape": [
    1,
    1024
  ],
  "n_coefficients": 1024,
  "n_nonzero_coefficients": 992,
  "sparsity": 0.03125,
  "l1_norm": 7.292195827833586,
  "l2_norm": 0.3346426454087864,
  "approx_margin": 2.9882622962726075,
  "intercept": [
    0.6420021911575302
  ],
  "C": 0.001,
  "class_weight": null,
  "n_support_per_class": [
    740,
    788
  ],
  "n_support_total": 1528
}