{
  "model_class": "SVC",
  "model_name": "svm_linear_drd2_hi_inner_ood_holdout_ecfp4",
  "fp_type": "ecfp4",
  "n_features": 1024,
  "coefficient_shape": [
    1,
    1024
  ],
  "n_coefficients": 1024,
  "n_nonzero_coefficients": 1017,
  "sparsity": 0.0068359375,
  "l1_norm": 51.95132391234711,
  "l2_norm": 2.16198024391214,
  "approx_margin": 0.4625389167250127,
  "intercept": [
    -0.8659482281129162
  ],
  "C": 0.01,
  "class_weight": "balanced",
  "n_support_per_class": [
    650,
    1089
  ],
  "n_support_total": 1739
}