model,model_short,fingerprint,ood_inner_mean,random_inner_mean,delta_inner,ood_test_mean,random_test_mean,delta_test,ood_inner_test_gap,random_inner_test_gap,delta_inner_test_gap,ood_train_test_gap,random_train_test_gap,delta_train_test_gap,model_order,fingerprint_order
Decision Tree,DT,ECFP4,0.3803910816969205,0.4816319543442056,0.1012408726472851,0.3037666666666667,0.2974,-0.006366666666666687,0.07662441503025384,0.18423195434420558,0.10760753931395174,0.3751333333333333,0.5281333333333333,0.15300000000000002,0,0
Decision Tree,DT,MACCS,0.38949512879636344,0.47662556336014056,0.08713043456377711,0.33263333333333334,0.3553,0.02266666666666667,0.05686179546303013,0.12132556336014054,0.06446376789711042,0.16316666666666668,0.24746666666666664,0.08429999999999996,0,1
Logistic Regression,LR,ECFP4,0.5024492645145852,0.5837552401105882,0.08130597559600306,0.4777666666666667,0.4820333333333333,0.004266666666666641,0.02468259784791847,0.10172190677725489,0.07703930892933641,0.35259999999999997,0.39643333333333336,0.04383333333333339,1,0
Logistic Regression,LR,MACCS,0.4868473931349176,0.5411126436052149,0.054265250470297344,0.4767666666666667,0.4611666666666667,-0.015600000000000003,0.010080726468250941,0.0799459769385482,0.06986525047029726,0.18503333333333336,0.11566666666666663,-0.06936666666666673,1,1
Logistic Regression,LR,RDKit desc,0.5822027747659496,0.6432975735441627,0.06109479877821311,0.5907666666666667,0.5875333333333334,-0.0032333333333333103,-0.008563891900717121,0.05576424021082941,0.06432813211154653,0.14493333333333333,0.1635333333333333,0.018599999999999978,1,2
Linear SVM,SVM,ECFP4,0.4794280382044879,0.5885752927208078,0.10914725451631985,0.49676666666666663,0.46293333333333325,-0.03383333333333338,-0.017338628462178762,0.1256419593874744,0.14298058784965317,0.26143333333333335,0.36843333333333333,0.10699999999999998,2,0
Linear SVM,SVM,MACCS,0.4813716148923675,0.5404882727863891,0.059116657894021596,0.4755666666666667,0.45130000000000003,-0.02426666666666666,0.005804948225700842,0.08918827278638909,0.08338332456068825,0.15376666666666666,0.12219999999999999,-0.03156666666666667,2,1
