{
  "model_class": "SVC",
  "model_name": "svm_linear_sol_hi_inner_ood_holdout_maccs",
  "fp_type": "maccs",
  "n_features": 167,
  "coefficient_shape": [
    1,
    167
  ],
  "n_coefficients": 167,
  "n_nonzero_coefficients": 147,
  "sparsity": 0.11976047904191611,
  "l1_norm": 50.639557155955856,
  "l2_norm": 5.479380411283736,
  "approx_margin": 0.1825023862078806,
  "intercept": [
    -3.012599097259958
  ],
  "C": 0.5,
  "class_weight": "balanced",
  "n_support_per_class": [
    603,
    184
  ],
  "n_support_total": 787
}