{
  "model_class": "SVC",
  "model_name": "svm_linear_sol_hi_inner_ood_holdout_maccs",
  "fp_type": "maccs",
  "n_features": 167,
  "coefficient_shape": [
    1,
    167
  ],
  "n_coefficients": 167,
  "n_nonzero_coefficients": 143,
  "sparsity": 0.14371257485029942,
  "l1_norm": 2.869726935648998,
  "l2_norm": 0.3135008650602784,
  "approx_margin": 3.189783861705533,
  "intercept": [
    -1.052088944237584
  ],
  "C": 0.01,
  "class_weight": null,
  "n_support_per_class": [
    356,
    308
  ],
  "n_support_total": 664
}