{
  "model_class": "SVC",
  "model_name": "svm_linear_hiv_hi_random_shuffle_ecfp4",
  "fp_type": "ecfp4",
  "n_features": 1024,
  "coefficient_shape": [
    1,
    1024
  ],
  "n_coefficients": 1024,
  "n_nonzero_coefficients": 1023,
  "sparsity": 0.0009765625,
  "l1_norm": 2.1788298814747398,
  "l2_norm": 0.09256380930601968,
  "approx_margin": 10.803358326513548,
  "intercept": [
    -1.0271162648175318
  ],
  "C": 0.001,
  "class_weight": null,
  "n_support_per_class": [
    923,
    599
  ],
  "n_support_total": 1522
}