dataset,pair,fold_a,fold_b,fingerprint,model,accuracy,balanced_accuracy,shift_score_01,proxy_A_distance,n_samples,n_class_0,n_class_1,n_nodes,n_leaves,leaf_min_samples,leaf_median_samples,leaf_mean_samples,n_singleton_leaves,cm_00,cm_01,cm_10,cm_11
kdr,F1_vs_F2,F1,F2,ecfp4,DT,0.7879852125693161,0.81648,0.63296,1.26592,5410,2285,3125,2647,1324,1,2.0,4.086102719033232,87,2285,0,1147,1978
kdr,F1_vs_F3,F1,F3,ecfp4,DT,0.7892982780966488,0.8173940949935815,0.634788189987163,1.269576379974326,5401,2285,3116,2529,1265,1,2.0,4.269565217391304,68,2285,0,1138,1978
kdr,F2_vs_F3,F2,F3,ecfp4,DT,0.6830636116007051,0.6826059050064185,0.365211810012837,0.730423620025674,6241,3125,3116,4311,2156,1,2.0,2.894712430426716,77,3125,0,1978,1138
kdr,F1_vs_F2,F1,F2,maccs,DT,0.7879852125693161,0.81648,0.63296,1.26592,5410,2285,3125,2461,1231,1,2.0,4.394800974817222,82,2285,0,1147,1978
kdr,F1_vs_F3,F1,F3,maccs,DT,0.7892982780966488,0.8173940949935815,0.634788189987163,1.269576379974326,5401,2285,3116,2459,1230,1,2.0,4.391056910569105,92,2285,0,1138,1978
kdr,F2_vs_F3,F2,F3,maccs,DT,0.6830636116007051,0.6826059050064185,0.365211810012837,0.730423620025674,6241,3125,3116,3813,1907,1,2.0,3.272679601468275,116,3125,0,1978,1138
kdr,F1_vs_F2,F1,F2,rdkit_desc,DT,0.7879852125693161,0.81648,0.63296,1.26592,5410,2285,3125,2657,1329,1,2.0,4.070729872084274,58,2285,0,1147,1978
kdr,F1_vs_F3,F1,F3,rdkit_desc,DT,0.7892982780966488,0.8173940949935815,0.634788189987163,1.269576379974326,5401,2285,3116,2603,1302,1,2.0,4.148233486943164,64,2285,0,1138,1978
kdr,F2_vs_F3,F2,F3,rdkit_desc,DT,0.6830636116007051,0.6826059050064185,0.365211810012837,0.730423620025674,6241,3125,3116,4373,2187,1,2.0,2.853680841335162,85,3125,0,1978,1138
