{
  "model_class": "SVC",
  "model_name": "svm_linear_sol_hi_random_shuffle_ecfp4",
  "fp_type": "ecfp4",
  "n_features": 1024,
  "coefficient_shape": [
    1,
    1024
  ],
  "n_coefficients": 1024,
  "n_nonzero_coefficients": 1023,
  "sparsity": 0.0009765625,
  "l1_norm": 46.243606053030916,
  "l2_norm": 2.024969470757322,
  "approx_margin": 0.4938346056279101,
  "intercept": [
    -1.3211001451731328
  ],
  "C": 0.01,
  "class_weight": "balanced",
  "n_support_per_class": [
    825,
    257
  ],
  "n_support_total": 1082
}