{
  "model_class": "SVC",
  "model_name": "svm_linear_sol_hi_random_shuffle_ecfp4",
  "fp_type": "ecfp4",
  "n_features": 1024,
  "coefficient_shape": [
    1,
    1024
  ],
  "n_coefficients": 1024,
  "n_nonzero_coefficients": 1023,
  "sparsity": 0.0009765625,
  "l1_norm": 127.26841277091508,
  "l2_norm": 5.042985903120449,
  "approx_margin": 0.19829522017525963,
  "intercept": [
    -2.0247349075582126
  ],
  "C": 0.1,
  "class_weight": null,
  "n_support_per_class": [
    385,
    277
  ],
  "n_support_total": 662
}