{
  "model_class": "SVC",
  "model_name": "svm_linear_drd2_hi_inner_ood_holdout_maccs",
  "fp_type": "maccs",
  "n_features": 167,
  "coefficient_shape": [
    1,
    167
  ],
  "n_coefficients": 167,
  "n_nonzero_coefficients": 147,
  "sparsity": 0.11976047904191611,
  "l1_norm": 53.04101448553972,
  "l2_norm": 5.650165947137047,
  "approx_margin": 0.17698595215715787,
  "intercept": [
    -6.073569711754468
  ],
  "C": 1.0,
  "class_weight": null,
  "n_support_per_class": [
    543,
    580
  ],
  "n_support_total": 1123
}