{
  "model_class": "SVC",
  "model_name": "svm_linear_drd2_hi_inner_ood_holdout_maccs",
  "fp_type": "maccs",
  "n_features": 167,
  "coefficient_shape": [
    1,
    167
  ],
  "n_coefficients": 167,
  "n_nonzero_coefficients": 143,
  "sparsity": 0.14371257485029942,
  "l1_norm": 128.51955684284206,
  "l2_norm": 15.964131852686629,
  "approx_margin": 0.06264042474891664,
  "intercept": [
    -8.208491854192385
  ],
  "C": 50.0,
  "class_weight": "balanced",
  "n_support_per_class": [
    456,
    958
  ],
  "n_support_total": 1414
}