{
  "model_class": "SVC",
  "model_name": "svm_linear_drd2_hi_inner_ood_holdout_maccs",
  "fp_type": "maccs",
  "n_features": 167,
  "coefficient_shape": [
    1,
    167
  ],
  "n_coefficients": 167,
  "n_nonzero_coefficients": 148,
  "sparsity": 0.11377245508982037,
  "l1_norm": 120.56553051704503,
  "l2_norm": 15.71257587457409,
  "approx_margin": 0.06364328853413452,
  "intercept": [
    -8.896027793508711
  ],
  "C": 25.0,
  "class_weight": "balanced",
  "n_support_per_class": [
    531,
    909
  ],
  "n_support_total": 1440
}